{"cameraMode":{"drawMode":0,"name":"Shaded","section":"Shading Mode"},"sceneLighting":true,"audioPlay":false,"sceneViewState":{"m_AlwaysRefresh":false,"showFog":true,"showSkybox":true,"showFlares":true,"showImageEffects":true,"showParticleSystems":true,"showVisualEffectGraphs":true,"m_FxEnabled":true},"in2DMode":false,"pivot":{"x":1.4298545122146607,"y":0.13313311338424684,"z":-2.4068381786346437},"rotation":{"x":0.0057837143540382389,"y":0.9925914406776428,"z":-0.10943636298179627,"w":0.05245853215456009},"size":4.207394599914551,"orthographic":false}