{"cameraMode":{"drawMode":0,"name":"Shaded","section":"Shading Mode"},"sceneLighting":true,"audioPlay":false,"sceneViewState":{"m_AlwaysRefresh":false,"showFog":true,"showSkybox":true,"showFlares":true,"showImageEffects":true,"showParticleSystems":true,"showVisualEffectGraphs":true,"m_FxEnabled":true},"in2DMode":false,"pivot":{"x":5.491530418395996,"y":10.322539329528809,"z":26.024890899658204},"rotation":{"x":-0.006309499032795429,"y":-0.006902831606566906,"z":0.00004354333213996142,"w":-0.9999569058418274},"size":33.501426696777347,"orthographic":true}