{"cameraMode":{"drawMode":0,"name":"Shaded","section":"Shading Mode"},"sceneLighting":true,"audioPlay":false,"sceneViewState":{"m_AlwaysRefresh":false,"showFog":true,"showSkybox":true,"showFlares":true,"showImageEffects":true,"showParticleSystems":true,"showVisualEffectGraphs":true,"m_FxEnabled":true},"in2DMode":false,"pivot":{"x":8.206419944763184,"y":2.99899959564209,"z":14.99660873413086},"rotation":{"x":-0.012305423617362976,"y":-0.024898482486605645,"z":0.0003064556512981653,"w":-0.9996151924133301},"size":27.857433319091798,"orthographic":false}