{"cameraMode":{"drawMode":0,"name":"Shaded","section":"Shading Mode"},"sceneLighting":true,"audioPlay":false,"sceneViewState":{"m_AlwaysRefresh":false,"showFog":true,"showSkybox":true,"showFlares":true,"showImageEffects":true,"showParticleSystems":true,"showVisualEffectGraphs":true,"m_FxEnabled":true},"in2DMode":false,"pivot":{"x":3.1017608642578127,"y":-1.9754748344421387,"z":39.554290771484378},"rotation":{"x":-0.05128546059131622,"y":0.008086499758064747,"z":-0.00041519265505485237,"w":-0.9986516237258911},"size":28.590656280517579,"orthographic":false}