{"cameraMode":{"drawMode":0,"name":"Shaded","section":"Shading Mode"},"sceneLighting":true,"audioPlay":false,"sceneViewState":{"m_AlwaysRefresh":false,"showFog":true,"showSkybox":true,"showFlares":true,"showImageEffects":true,"showParticleSystems":true,"showVisualEffectGraphs":true,"m_FxEnabled":true},"in2DMode":false,"pivot":{"x":4.716523170471191,"y":2.800428628921509,"z":-0.5732295513153076},"rotation":{"x":-0.015309084206819535,"y":0.0005971415666863322,"z":-0.000009086063073482364,"w":-0.9998859763145447},"size":9.668580055236817,"orthographic":false}