{"cameraMode":{"drawMode":0,"name":"Shaded","section":"Shading Mode"},"sceneLighting":true,"audioPlay":false,"sceneViewState":{"m_AlwaysRefresh":false,"showFog":true,"showSkybox":true,"showFlares":true,"showImageEffects":true,"showParticleSystems":true,"showVisualEffectGraphs":true,"m_FxEnabled":true},"in2DMode":false,"pivot":{"x":0.9917921423912048,"y":1.1692854166030884,"z":0.6795202493667603},"rotation":{"x":0.005690086167305708,"y":-0.012901907786726952,"z":-0.00007348868530243635,"w":-0.9999022483825684},"size":5.562803268432617,"orthographic":false}