{"cameraMode":{"drawMode":0,"name":"Shaded","section":"Shading Mode"},"sceneLighting":true,"audioPlay":false,"sceneViewState":{"m_AlwaysRefresh":false,"showFog":true,"showSkybox":true,"showFlares":true,"showImageEffects":true,"showParticleSystems":true,"showVisualEffectGraphs":true,"m_FxEnabled":true},"in2DMode":false,"pivot":{"x":4.998920440673828,"y":-3.427579164505005,"z":20.00182342529297},"rotation":{"x":-0.08863456547260285,"y":-0.03625092655420303,"z":0.0032291971147060396,"w":-0.9954038858413696},"size":18.742586135864259,"orthographic":false}