{"cameraMode":{"drawMode":0,"name":"Shaded","section":"Shading Mode"},"sceneLighting":true,"audioPlay":false,"sceneViewState":{"m_AlwaysRefresh":false,"showFog":true,"showSkybox":true,"showFlares":true,"showImageEffects":true,"showParticleSystems":true,"showVisualEffectGraphs":true,"m_FxEnabled":true},"in2DMode":false,"pivot":{"x":9.787084579467774,"y":0.3347902297973633,"z":0.713958740234375},"rotation":{"x":-0.21442964673042298,"y":-0.04189024120569229,"z":0.009205270558595658,"w":-0.9757989645004273},"size":12.951574325561524,"orthographic":false}