{"cameraMode":{"drawMode":0,"name":"Shaded","section":"Shading Mode"},"sceneLighting":true,"audioPlay":false,"sceneViewState":{"m_AlwaysRefresh":false,"showFog":true,"showSkybox":true,"showFlares":true,"showImageEffects":true,"showParticleSystems":true,"showVisualEffectGraphs":true,"m_FxEnabled":true},"in2DMode":false,"pivot":{"x":11.593463897705079,"y":3.5818862915039064,"z":40.19922637939453},"rotation":{"x":0.035375192761421207,"y":-0.13094168901443482,"z":-0.0046753655187785629,"w":-0.9907479286193848},"size":25.04961395263672,"orthographic":false}