{"cameraMode":{"drawMode":0,"name":"Shaded","section":"Shading Mode"},"sceneLighting":false,"audioPlay":false,"sceneViewState":{"m_AlwaysRefresh":false,"showFog":true,"showSkybox":false,"showFlares":true,"showImageEffects":true,"showParticleSystems":true,"showVisualEffectGraphs":true,"m_FxEnabled":true},"in2DMode":false,"pivot":{"x":-0.05654244124889374,"y":-1.3508870601654053,"z":-0.3208765983581543},"rotation":{"x":-0.11701656132936478,"y":-0.020261291414499284,"z":0.002387822838500142,"w":-0.9929212331771851},"size":4.397976875305176,"orthographic":false}