{"cameraMode":{"drawMode":0,"name":"Shaded","section":"Shading Mode"},"sceneLighting":true,"audioPlay":false,"sceneViewState":{"m_AlwaysRefresh":false,"showFog":true,"showSkybox":true,"showFlares":true,"showImageEffects":true,"showParticleSystems":true,"showVisualEffectGraphs":true,"m_FxEnabled":true},"in2DMode":false,"pivot":{"x":0.014055579900741578,"y":1.5889863967895508,"z":4.485559940338135},"rotation":{"x":0.009308102540671826,"y":0.01799343153834343,"z":-0.0001674923551036045,"w":0.9997969269752502},"size":7.601712226867676,"orthographic":false}