{"cameraMode":{"drawMode":0,"name":"Shaded","section":"Shading Mode"},"sceneLighting":false,"audioPlay":false,"sceneViewState":{"m_AlwaysRefresh":false,"showFog":true,"showSkybox":false,"showFlares":true,"showImageEffects":true,"showParticleSystems":true,"showVisualEffectGraphs":true,"m_FxEnabled":true},"in2DMode":false,"pivot":{"x":-0.8252440690994263,"y":0.39505332708358767,"z":-6.977322578430176},"rotation":{"x":-0.021929273381829263,"y":-0.1523716002702713,"z":-0.003382620867341757,"w":0.9880785942077637},"size":0.8538162112236023,"orthographic":false}