{"cameraMode":{"drawMode":0,"name":"Shaded","section":"Shading Mode"},"sceneLighting":false,"audioPlay":false,"sceneViewState":{"m_AlwaysRefresh":false,"showFog":true,"showSkybox":false,"showFlares":true,"showImageEffects":true,"showParticleSystems":true,"showVisualEffectGraphs":true,"m_FxEnabled":true},"in2DMode":false,"pivot":{"x":-0.32237839698791506,"y":-0.015867695212364198,"z":-0.05918821692466736},"rotation":{"x":0.00730922631919384,"y":0.010994835756719113,"z":-0.00007999151421245188,"w":0.9999231696128845},"size":0.6282661557197571,"orthographic":true}