{"cameraMode":{"drawMode":0,"name":"Shaded","section":"Shading Mode"},"sceneLighting":true,"audioPlay":false,"sceneViewState":{"m_AlwaysRefresh":false,"showFog":true,"showSkybox":true,"showFlares":true,"showImageEffects":true,"showParticleSystems":true,"showVisualEffectGraphs":true,"m_FxEnabled":true},"in2DMode":false,"pivot":{"x":1.6268508434295655,"y":3.671863317489624,"z":9.873815536499024},"rotation":{"x":-0.013718152418732643,"y":-0.11463995277881623,"z":0.0015832220669835806,"w":-0.993314266204834},"size":10.842484474182129,"orthographic":false}