{"cameraMode":{"drawMode":0,"name":"Shaded","section":"Shading Mode"},"sceneLighting":true,"audioPlay":false,"sceneViewState":{"m_AlwaysRefresh":false,"showFog":true,"showSkybox":true,"showFlares":true,"showImageEffects":true,"showParticleSystems":true,"showVisualEffectGraphs":true,"m_FxEnabled":true},"in2DMode":false,"pivot":{"x":2.117042064666748,"y":-6.1977996826171879,"z":12.44172477722168},"rotation":{"x":-0.20850098133087159,"y":0.04897297918796539,"z":-0.010454059578478337,"w":-0.9767397046089172},"size":68.67350769042969,"orthographic":false}