{"cameraMode":{"drawMode":0,"name":"Shaded","section":"Shading Mode"},"sceneLighting":true,"audioPlay":false,"sceneViewState":{"m_AlwaysRefresh":false,"showFog":true,"showSkybox":true,"showFlares":true,"showImageEffects":true,"showParticleSystems":true,"showVisualEffectGraphs":true,"m_FxEnabled":true},"in2DMode":false,"pivot":{"x":-3.6715633869171144,"y":2.473267078399658,"z":-0.5110925436019898},"rotation":{"x":-0.01980787143111229,"y":-0.006901585962623358,"z":0.00013670609041582793,"w":-0.9997805953025818},"size":15.79732894897461,"orthographic":true}