{"cameraMode":{"drawMode":0,"name":"Shaded","section":"Shading Mode"},"sceneLighting":true,"audioPlay":false,"sceneViewState":{"m_AlwaysRefresh":false,"showFog":true,"showSkybox":true,"showFlares":true,"showImageEffects":true,"showParticleSystems":true,"showVisualEffectGraphs":true,"m_FxEnabled":true},"in2DMode":false,"pivot":{"x":11.957155227661133,"y":4.032570838928223,"z":18.406042098999025},"rotation":{"x":-0.06924965232610703,"y":-0.011375376023352147,"z":0.0007896056049503386,"w":-0.9975345730781555},"size":27.45005226135254,"orthographic":false}