{"cameraMode":{"drawMode":0,"name":"Shaded","section":"Shading Mode"},"sceneLighting":false,"audioPlay":false,"sceneViewState":{"m_AlwaysRefresh":false,"showFog":true,"showSkybox":false,"showFlares":true,"showImageEffects":true,"showParticleSystems":true,"showVisualEffectGraphs":true,"m_FxEnabled":true},"in2DMode":false,"pivot":{"x":0.19263213872909547,"y":-1.9014447927474976,"z":-0.46275901794433596},"rotation":{"x":-0.11701656132936478,"y":-0.020261291414499284,"z":0.002387822838500142,"w":-0.9929212331771851},"size":5.353816509246826,"orthographic":false}