{"cameraMode":{"drawMode":0,"name":"Shaded","section":"Shading Mode"},"sceneLighting":false,"audioPlay":false,"sceneViewState":{"m_AlwaysRefresh":false,"showFog":true,"showSkybox":false,"showFlares":true,"showImageEffects":true,"showParticleSystems":true,"showVisualEffectGraphs":true,"m_FxEnabled":true},"in2DMode":false,"pivot":{"x":1.139569878578186,"y":-1.1794235706329346,"z":-0.4146127700805664},"rotation":{"x":-0.021305806934833528,"y":-0.014399204403162003,"z":0.00030699677881784737,"w":-0.9996720552444458},"size":6.937097072601318,"orthographic":false}