{"cameraMode":{"drawMode":0,"name":"Shaded","section":"Shading Mode"},"sceneLighting":true,"audioPlay":false,"sceneViewState":{"m_AlwaysRefresh":false,"showFog":true,"showSkybox":true,"showFlares":true,"showImageEffects":true,"showParticleSystems":true,"showVisualEffectGraphs":true,"m_FxEnabled":true},"in2DMode":false,"pivot":{"x":7.180953025817871,"y":5.145015716552734,"z":18.12120246887207},"rotation":{"x":-0.030284378677606584,"y":-0.03687754273414612,"z":0.0011181434383615852,"w":-0.9988613724708557},"size":13.691719055175782,"orthographic":false}