{"cameraMode":{"drawMode":0,"name":"Shaded","section":"Shading Mode"},"sceneLighting":false,"audioPlay":false,"sceneViewState":{"m_AlwaysRefresh":false,"showFog":true,"showSkybox":false,"showFlares":true,"showImageEffects":true,"showParticleSystems":true,"showVisualEffectGraphs":true,"m_FxEnabled":true},"in2DMode":false,"pivot":{"x":-4.025883674621582,"y":-0.16625189781188966,"z":0.0838766098022461},"rotation":{"x":-0.01980787143111229,"y":-0.006901585962623358,"z":0.00013670609041582793,"w":-0.9997805953025818},"size":9.666540145874024,"orthographic":true}