{"cameraMode":{"drawMode":0,"name":"Shaded","section":"Shading Mode"},"sceneLighting":false,"audioPlay":false,"sceneViewState":{"m_AlwaysRefresh":false,"showFog":true,"showSkybox":false,"showFlares":true,"showImageEffects":true,"showParticleSystems":true,"showVisualEffectGraphs":true,"m_FxEnabled":true},"in2DMode":false,"pivot":{"x":-0.46118080615997317,"y":-0.15816739201545716,"z":-4.92519474029541},"rotation":{"x":-0.10151496529579163,"y":0.0029796971939504148,"z":0.0003040474548470229,"w":0.9948323369026184},"size":1.1703150272369385,"orthographic":true}